test,estimate,statistic,df,p_value,CI_low,CI_high
DRN_vs_LC,-0.06575675415962186,-2.970856780869637,26,0.006316207262646957,-0.11125371141285541,-0.020259796906388308
