test,estimate,statistic,df,p_value,CI_low,CI_high
DRN_4.2c_low_vs_0,-0.006458892902854165,-0.5486517008753679,26,0.5879254127441325,-0.0306572039290951,0.017739418123386766
