test,estimate,statistic,df,p_value,CI_low,CI_high
MBD_vs_0,0.05870312789202794,3.7957045155076368,26,7.946941498021125e-4,0.026912980100098696,0.09049327568395718
