test,estimate,statistic,df,p_value,CI_low,CI_high
DRN_vs_0,0.00302590288461412,0.19193988629473266,26,0.8492805021616963,-0.029379203619658095,0.03543100938888633
