test,estimate,statistic,df,p_value,CI_low,CI_high
DRN_4.2a_vs_4.2a_low,0.09743809485477004,2.4271869970138384,26,0.022448021880545628,0.014919989465416507,0.17995620024412354
