test,estimate,statistic,df,p_value,CI_low,CI_high
DRN_vs_0,-0.07531086320185178,-3.249451550326949,26,0.0031862238068287815,-0.12295080919379517,-0.02767091720990839
