test,estimate,statistic,df,p_value,CI_low,CI_high
DRN_vs_0,-0.014854263068088748,-1.1811384132490579,26,0.24823974624057324,-0.040705064873620814,0.010996538737443313
