test,estimate,statistic,df,p_value,CI_low,CI_high,p_holm
DRN_vs_0,0.03534480236364106,2.8435191368955244,26,0.008575204388380737,0.009794673012024269,0.06089493171525786,0.02572561316514221
MRN_vs_0,-0.006000380384315215,-0.3563853266873586,26,0.724427876091482,-0.04060887181032503,0.0286081110416946,0.8297612615858116
fourth_ventricle_vs_0,-0.01234275060976098,-0.8285860493359757,26,0.4148806307929058,-0.04296224662049282,0.018276745400970858,0.8297612615858116
