test,estimate,statistic,df,p_value,CI_low,CI_high
DRN_vs_LC,0.1608232651323595,4.788147403418284,26,5.878913979067466e-5,0.09178258445861247,0.22986394580610658
