test,estimate,statistic,df,p_value,CI_low,CI_high
MBD_vs_0,0.10375485811541953,5.218787373568285,26,1.8881394062795528e-5,0.06288881970607205,0.14462089652476703
