test,estimate,statistic,df,p_value,CI_low,CI_high
DRN_GLM_4.1a_vs_4.1b,0.056129391362066565,3.5381295085132027,26,0.001539420995391629,0.02352017905363468,0.08873860367049846
