test,estimate,statistic,df,p_value,CI_low,CI_high
DRN_vs_0,0.08590714431924366,2.575326132968109,26,0.016053374739096345,0.017339260089982874,0.15447502854850445
