test,estimate,statistic,df,p_value,CI_low,CI_high
DRN_4.2a_vs_4.2b,0.08288124143462955,2.1316793443422712,26,0.04264939530571149,0.002960763651553563,0.1628017192177055
