test,estimate,statistic,df,p_value,CI_low,CI_high
DRN_vs_MS_contr2,0.0715066886770331,3.607802131213087,26,0.0012885853479152822,0.03076606646721956,0.11224731088684661
