test,estimate,statistic,df,p_value,CI_low,CI_high
DRN_4.2c_vs_4.2d,-0.031778058092730634,-0.9206852355177279,26,0.365678995404227,-0.1027260122822854,0.039169896096824135
