test,estimate,statistic,df,p_value,CI_low,CI_high
DRN_vs_0,-0.043532805109121143,-1.7877479029216545,26,0.0854794077360496,-0.09358626192048837,0.006520651702246081
