test,estimate,statistic,df,p_value,CI_low,CI_high
DRN_4.2a_low_vs_0,-0.01153095053552636,-0.5576473526464223,26,0.581855216797142,-0.05403488813843232,0.030972987067379602
