test,estimate,statistic,df,p_value,CI_low,CI_high
DRN_4.2c_vs_4.2c_low,-0.0688519702989976,-2.5364075176667855,26,0.01754580865979331,-0.12465027986572828,-0.013053660732266895
