test,estimate,statistic,df,p_value,CI_low,CI_high
DRN_vs_0,-0.0354285270789945,-2.465312106538596,26,0.020608956530024786,-0.06496814609335042,-0.005888908064638573
